Z1618	6 Towns Credit Union Limited	382 High Street, West Bromwich, B70 9LB	C 
Z1206	Aberdeen Asset Management Limited	Edinburgh One, 60 Morrison Street, Edinburgh, EH3 8BE	SS 
Z1124	Aberdeen Asset Managers Limited	10 Queens Terrace, Aberdeen, AB10 1YG	C, SS 
Z1125	Aberdeen Fund Managers Limited	10 Queens Terrace, Aberdeen, AB10 1YG	C, SS 
Z1870	Abundance Investment Limited	Unit 16 Linen House, 253 Kilburn Lane, London, W10 4BQ	C, IF, SS 
Z1475	Accrue Investment Management Limited	2 Chapel Row, Queen Square, Bath, BA1 1HN	SS 
Z1001	Adam and Company Investment Management Limited	22 Charlotte Square, Edinburgh, EH2 4DF	C, SS 
Z1775	Aegon Investment Solutions Limited	Edinburgh Park, Edinburgh, EH12 9SE	C, SS 
Z1277	Airdrie Savings Bank	56 Stirling Street, Airdrie, ML6 0AW	C 
Z1688	AJ Bell Securities Limited	Calverley House, 55 Calverley Road, Tunbridge Wells, TN1 2TU	SS 
Z1129	Aldermore Bank plc	20 Hook Road, Epsom, KT19 8TR	C 
Z1155	Alliance Trust and Savings Limited	Alliance Trust Savings Limited, PO Box 164, 8 West Marketgait, Dundee, DD1 9YP	SS 
Z1353	Allianz Global Investors Europe GmbH	155 Bishopsgate, London, EC2M 3AD	SS 
Z1851	Alpha Real property Investment Advisers LLP	338 Euston Road, London, NW1 3BG	SS 
Z1827	Al Rayan Bank plc	Edgbaston House, 3 Duchess Place, Hagley Road, Birmingham, B16 8NH	C 
Z1785	Amber Financial Investments Limited	Bollin House, Oakfield Road, Cheadle Royal Business Park, SK8 3GX	SS 
Z1542	Ancient Order of Foresters Friendly Society, The	Foresters House, 29 to 33 Shirley Road, Southampton SO15 3EW	C, SS 
Z1771	Anderson Strathern Asset Management Limited	One Rutland Court, Edinburgh, EH3 8EY	SS 
Z1900	Apollo Multi Asset Management LLP	25 Church Farm Business Park, Corston, Bath, BA2 9AP	SS 
Z1362	Arbuthnot Latham and Company Limited	Arbuthnot House, 7 Wilson Street, London, EC2M 2SN	C, SS 
Z1829	Architas Multi-Manager Limited	5 Old Broad Street, London, EC2N 1AD	SS 
Z1927	Arch Over Limited	5th Floor, 40 Gracechurch Street, London, EC3V 0BT	IF 
Z1004	Arnold Stansby and Company	Alexandra Buildings, Queen Street, Manchester, M2 5JJ	C, SS 
Z1157	Artemis Fund Managers Limited	Cassini House, 57 St James’s Street, London, SW1A 1LD	SS 
Z1428	Avalon Investment Services Limited	5 Church Street, Tetbury, GL8 8JG	SS 
Z1251	Aviva Investors UK Funds Limited	1 Poultry, London, EC2R 8EJ	C, SS 
Z1907	Aviva Investors UK Fund Services Limited	1 Poultry, London, EC2R 8EJ	SS 
Z1582	Aviva Wrap UK Limited	Policyholder Tax, Wellington Road, Floor 4, York, YO90 1WR	SS 
Z1703	AXA Investment Managers UK Limited	7 Newgate Street, London, EC1A 7NX	SS 
Z1180	AXA Portfolio Services Limited	PO Box 290, Bristol, BS99 7SL	C, SS 
Z1070	Baillie Gifford Savings Management Limited	PO Box 12017, Chelmsford, CM99 2DU	SS 
Z1567	Banco Santander Totta SA	68 Cannon Street, London, EC4N 6AQ	C 
Z1105	Bank And Clients Limited	Discovery House, Whiting Road, Norwich, NR4 6EJ	C 
Z1738	Bank of Baroda	32 City Road, London, EC1Y 2BD	C 
Z1378	Bank of Cyprus (London) Limited	87 to 93 Chase Side, London, N14 5BU	C 
Z1651	Bank of East Asia Limited, The	London Branch, 75 Shaftesbury Avenue, London, W1D 5BB	C 
Z1637	Bank of Ireland UKFS	1 Temple Quay, Bristol, BS99 7AX	C 
Z1144	Bank of Scotland	Now part of Halifax plc	C 
Z1174	Barclays Bank plc	Group Tax Level 29, 1 Churchill Place, London, E14 5 HP	C, SS 
Z1054	Barratt and Cooke	5 Opie Street, Norwich, NR1 3DW	C, SS 
Z1244	Bath Investment Building Society	15 Queen Square, Bath, BA1 2HN	C 
Z1916	Bayonet Ventures LLP	Unit 79, Eurolink Business Centre, 49 Effra Road, London, SW2 1BZ	IF 
Z1713	Beaufort Asset Clearing Services Limited	131 Finsbury Pavement, London, EC2A 1NT	SS 
Z1716	Bedworth and Bulkington Credit Union Limited	7 Leicester Street, Bedworth, CV12 8GG	C 
Z1075	Beverley Building Society	57 Market Place, Beverley, HU17 8AA	C 
Z1053	BIRA Finance Limited	225 Bristol Road, Edgbaston, Birmingham, B5 7UB	C 
Z1278	Birmingham Midshires plc	PO Box 81 Pendeford Business Park, Wolverhampton, WV9 5HZ	C 
Z1876	Blackfinch Investments Limited	Blackfinch House, Chequers Close, Malvern, Worcestershire, WR14 1GP	IF, SS 
Z1027	Blackrock Investment Management (UK) Limited	12 Throgmorton Avenue, London, EC2N 2DL	C, SS 
Z1227	Blankstone Sington Limited	91 Duke Street, Liverpool, L1 5AA	C, SS 
Z1061	BNY Mellon Fund Managers Limited	PO Box 366, Darlington, DL1 9RF	C, SS 
Z1363	Bordier and CIE (UK) plc	79 Pall Mall, London, SW1Y 5ES	SS 
Z1835	Bramdean Asset Management LLP	58 Glentham Road, London, SW13 9JJ	C, SS, IF 
Z1810	Brent Shrine Credit Union Limited	Ivy Bridge House, 1 Adam Street London, WC2N 6LE	C 
Z1210	Brewin Dolphin Limited	Commercial Union House, 39 Pilgrim Street, Newcastle Upon Tyne, NE1 6RQ	C, SS 
Z1290	BRI Wealth Management plc	BRI House, Elm Court, Meriden Green Business Park, Coventry, CV5 9RL	SS 
Z1685	Bridgend Lifesavers Credit Union Limited	The Life Long Learning Centre, Murfield Close, Sarn Bridgend, CF32 9SW	C 
Z1826	Bristol Credit Union	112 to 114 Cheltenham Road, Bristol, BS6 5RW	C 
Z1895	British Pearl Limited	4th floor, 7 to 10 Charnos Street, London, W1G 9DQ	IF, SS, SS JISA 
Z1595	Brooks MacDonald Asset Management Limited	72 Welbeck Street, Marylebone, London, W1G 0AY	SS 
Z1260	Brown Shipley and Company Limited	Founders Court, Lothbury, London, EC2R 7HE	C, SS 
Z1266	Buckinghamshire Building Society	High Street, Chalfont, St Giles, HP8 4QB	C 
Z1176	C Hoare and Company	37 Fleet Street, London, EC4P 4DQ	C, SS 
Z1274	Cambridge Building Society	51 Newmarket Road, Cambridge, CB5 8EG	C 
Z1007	Cambridge Fund Managers Limited	1A Queen Square, Bath, BA1 2HA	SS 
Z1664	Canaccord Genuity Limited	88 Wood Street, London, EC2V 7QR	SS 
Z1483	Canaccord Genuity Wealth Management Limited	2nd Floor, 41 Lothbury, London, EC2R 7AE	SS 
Z1517	Capel Court plc	Balkerne Asset Management, 1 Balkerne Hill, Colchester, Essex, CO3 3FG	SS 
Z1659	Capita Financial Investments Limited	17 Rochester Row, Westminster, London, SW1P 1JB	SS 
Z1367	Capita Financial Managers Limited	17 Rochester Row, Westminster, London, SW1P 1JB	SS 
Z1769	Capita IRG Trustees Limited	The Registry, 34 Beckenham Road, Beckenham, BR3 4TU	SS 
Z1786	Capital Credit Union Limited	62 Hamilton Place, Edinburgh, EH3 5AZ	C 
Z1562	Cardale Asset Management Limited	2 Greengate, Cardale Park, Harrogate, HG3 1GY	SS 
Z1855	Carvetian Capital Management Limited	Stuart House, St John’s Street, Peterborough, PE1 5DD	SS 
Z1652	Castle and Crystal Credit Union	25 New Street, Dudley, DY1 1LT	C 
Z1802	Castle Trust Capital Management Limited	10 Norwich Street, London, EC4A 1BD	SS 
Z1619	Castlefield Investment Partners LLP	9th Floor, 111 Piccadilly, Manchester, M1 2HY	SS 
Z1534	Cater Allen Limited	52 to 54 Gracechurch Street, London, EC3V 0EH	C, SS 
Z1136	Cave and Sons Limited	Lockgates House, Rushmills, Northampton NN4 7YB	C, SS 
Z1690	Cavendish Asset Management Limited	Chelsea House, Westgate, London, W5 1DR	SS 
Z1506	Cazenove Investment Fund Management Limited	12 Moorgate, London, EC2R 6DA	SS 
Z1642	Charity Bank Limited, The	PO Box 398, 194 High Street, Tonbridge, TN9 9BD	C 
Z1057	Charles Stanley and Company Limited	24 Luke Street, London, EC2A 4AR	C, SS 
Z1898	Charter Court Financial Services	2 Charter Court, Broadlands, Wolverhamptoon, WV10 6TD	C, C JISA 
Z1394	Charteris Treasury Portfolio Managers Limited	8/9 Lovat Lane, London, EC3R 8DW	SS 
Z1305	Chorley and District Building Society	Key House, Foxhole Road, Chorley, PR7 1NZ	C 
Z1423	Church House Investments Limited	York House, 6 Coldharbour, Sherborne, Dorset DT9 4JW	SS 
Z1863	Citibank Europe plc	Citigroup Centre, Canada Square, Canary Wharf, London, E14 5LB	C, SS 
Z1306	City Asset Management plc	7 Bishopsgate, London, EC2N 3AR	SS 
Z1421	City Financial Investment Company Limited	88 Borough, High Street, London, SE1 1ST	SS 
Z1763	Citysave Credit Union Limited	16 Waterloo Street, Birmingham, B2 5UG	C 
Z1601	Clockwise Credit Union Limited	1 St Nicholas Place, Leicester, LE1 5LB	C 
Z1283	Close Asset Management Limited	10 Exchange Square, Primrose Street, London, EC2A 2BY	C, SS 
Z1424	Close Asset Management (UK) Limited	10 Crown Place, London, EC2A 4FT	SS 
Z1759	Close Brothers Limited	10 Crown Place, London, EC2A 4FT	C 
Z1701	Clydesdale Bank plc	Savings Team, 20 Merrion Way, Leeds, LS2 8NZ	C 
Z1466	Cofunds Limited	Level 43, The Leadenhall Building, 122 Leadenhall Street, London, EC3V 4AB	SS 
Z1784	Commsave Credit Union Limited	6 Duncan Close, Moulton Park, Northampton, NN3 6WL	C 
Z1556	Consistent Unit Trust Management Company Limited	Woodside, Maidstone Road, Colts Hill, Pembury, TN2 4AL	SS 
Z1232	Co-operative Bank plc	CIS Building, Miller Street, Manchester, M60 0AL	C 
Z1707	Co-operative Family Credit Union, The	New Century House, Manchester, M60 4ES	C 
Z1414	Cornelian Asset Managers Limited	30 Charlotte Square, Edinburgh, EH2 4ET	SS 
Z1551	Courtiers Investment Services Limited	18A Hart Street, Henley-on-Thames, RG9 2AU	C, SS 
Z1783	Coutts and Company	Princess House, 27 Bush Lane London, EC4R 0AA	C, SS 
Z1177	Coventry Building Society	Economic House, PO Box 9, High Street, Coventry, CV1 5QV	C 
Z1272	Credit Suisse (UK) Limited	18th Floor, 1 Cabot Square, London, E14 4QJ	SS 
Z1613	Credit Suisse International	18th Floor, 1 Cabot Square, London, E14 4QJ	C, SS 
Z1535	Credo Capital plc	3rd Floor, 33 Margaret Street, London, W1G 0LD	SS 
Z1853	Crossco (1337) plc	Northumbria House, Aykley Heads, Durham, DH1 5TS	C 
Z1878	Crowd2Fund Limited	242 Aklam Road, London, W10 5JJ	IF 
Z1879	Crowdcube Capital Limited	The Innovation Centre, University of Exeter, Rennes Drive, Exeter, Devon, EX4 4RN	IF 
Z1882	Crowd for Angels (UK) Limited	8 Little Trinity Street, London, EC4V 2AN	IF 
Z1867	Crowdstacker Limited	154 to 160 Fleet Street, London, EC4A 2DQ	IF 
Z1304	Cumberland Building Society	Cumberland House, Castle Street, Carlisle, CA3 8RX	C 
Z1395	Cyprus Popular Bank Public Company Limited	19 Fitzroy Street, London, W1P 6BA	C 
Z1135	Darlington Building Society	Sentinal House, Lingfield Way, Darlington, DL1 4PR	C 
Z1448	Dowgate Capital Stockbrokers Limited	Talisman House, Jubilee Walk, Three Bridges, Crawley, RH10 1LQ	SS 
Z1894	Downing LLP	5th floor, Ergon House, Horseferry Road, London, N1 1BE	IF 
Z1285	Druids Sheffield Friendly Society	Dove House, 181 Brampton Road, Wath Upon Dearne, Rotherham, S63 6BE	C, SS 
Z1088	Dudley Building Society	Dudley House, Stone Street, Dudley, DY1 1NP	C 
Z1233	Duncan Lawrie Asset Management Limited	1 Hobart Place, London, SW1W 0HU	SS 
Z1010	Dunfermline Building Society	Now part of Nationwide Building Society	C 
Z1770	Ealing Credit Union	The Bungalow Pinkwell Lane Hayes, UB3 1PE	C 
Z1012	Earl Shilton Building Society	22 The Hollow, Earl Shilton, Leicester, LE9 7NB	C 
Z1013	Ecology Building Society	7 Belton Road, Silsden, Keighley, BD20 0EE	C 
Z1552	Eden Tree Investment Management Limited	Beaufort House, Brunswick Road, Gloucester, GL1 1JZ	SS 
Z1915	Edinburgh Alternative	Lending Crowd, 23 Manor Place, Edinburgh, EH3 7DX	IF 
Z1728	Edwards Securities Limited	Old Printers Yard, 156 South Street, Dorking, RH4 2HF	C, SS 
Z1615	EFG Private Bank Limited	33 Great Charles Street, Birmingham, B3 3JN	SS 
Z1873	Embark Investment Services Limited	Tyman House, 42 Regent Road, Leicester LE1 6YJ	C, C JISA, SS, SS JISA 
Z1804	Enterprise the Business Credit Union	4 Trinity, 161 Old Christchurch Road, Bournemouth, BH1 1JU	C 
Z1650	Equiniti Financial Services Limited	3 Minster Court, Mincing Lane, London, EC3R 7DD	C, SS 
Z1636	Erewash Credit Union Limited	2nd Floor, Ilkeston Co-Op Dept Store, The Market Place, Ilkeston, DE7 5SG	C 
Z1773	European Investment Management Limited	98 Queens Road, Brighton, BN1 3XF	SS 
Z1706	Exeter Practice Limited, The	1 Charlotte Mews, Pavilion Place, Exeter, EX2 4HA	SS 
Z1190	F and C Fund Management Limited	PO Box 9040, Chelmsford, CM99 2XH	SS 
Z1115	F and C Management Limited	8th Floor, Exchange House, Primrose Street, London, EC2A 2NY	SS 
Z1816	Fairstone Private Wealth Limited	1 The Bullrushes Boldon Business Park, Boldon Colliery, Tyne and Wear, NE35 9PF	SS 
Z1074	Family Equity Plan Limited	16 to 17 West Street, Brighton, BN1 2RE	C, SS 
Z1532	Farley and Thompson LLP	Pine Grange, Bath Road, Bournemouth, BH1 2NU	SS 
Z1874	FCE Bank plc	Central Office, Eagle Way, Brentwood, CM13 3AR	C, C JISA 
Z1856	FIM Capital Limited	Ioma House, Hope Street, Douglas, Isle of Man, IM1 1AP	SS 
Z1014	Financial Administration Services Limited	Oakhill House, 130 Tonbridge Road, Tonbridge, TN11 9DZ	C, SS 
Z1128	First State Investments (UK) Limited	23 St Andrews Square, Edinburgh, EH2 1BB	C, SS 
Z1049	First Trust Bank	AIB Group Bankcentre, Ballsbridge, Dublin 4	C 
Z1308	Fiske and Company Limited	Salisbury House, London Wall, London, EC2M 5QS	SS 
Z1865	Flying Colours Finance Limited	6A Station Parade, Sunningdale, Ascot, SL5 0EP	SS 
Z1910	Focus 2020 Limited	28 Spinis, Bracknell, RG12 8XA	IF 
Z1911	Folk 2 Folk Limited	1 Business Centre, Western Road, Launceston, Cornwall PL15 7FJ	IF 
Z1316	Forester Life Limited	Forester House, Cromwell Avenue, Bromley, BR2 9BF	C, SS 
Z1923	Formax Credit (UK) Limited	Suite 627, 107 Cheapside, London, EC2V 6DN	IF 
Z1181	Franklin Templeton Fund Management Limited	Quayside House, Canal Wharf, Leeds, LS11 5PH	C, SS 
Z1778	Friends Life Limited	Pixham End, Pixham Lane Dorking, RH14 1QA	C, SS 
Z1741	Friends Life Investment Solutions Limited	Pixham End, Pixham Lane, Dorking, RH4 1QA	C, SS 
Z1859	Funding-Tree UK Limited	40 Gracechurch Street, London, EC3V 0BT	C 
Z1656	Fund Partners Limited	Cedar House, 3 Cedar Park, Cobham Road, Wimborne, Dorset, BH21 7SB	SS 
Z1746	Fundsmith LLP	Fourth Floor, 33 Cavendish Square, London, W1G 0PW	SS 
Z1055	Furness Building Society	51 to 55 Duke Street, Barrow in Furness, LA14 1RT	C 
Z1768	Fusion Wealth Limited	Sussex House, North Street, Horsham, RH12 1RQ	SS 
Z1497	FXCM Securities Limited	8th Floor, The Northern and Shell Building, 10 Lower Thames Street, London, EC3R 8AD	SS 
Z1858	Gallium PE Depositary Limited	Gallium House, Unit 2, Station Court, Borough Green, Kent, TN15 8AD	C, C JISA, IF, SS, SS JISA 
Z1864	GAM London Limited	20 King Street, London, SW1Y 6QY	SS 
Z1918	Gamcrowd Limited	Palladium House, 1 to 4 Argyll Street, London, W1F 7LD	IF 
Z1798	Gateway Credit Union Limited	21 Commercial Street, Pontypool, Torfaen, NP4 6JQ	C 
Z1922	Gaudi Regulated Services Limited	2 Oakridge Office Park, Whaddon, Salisbury, SP5 3HT	SS, SS JISA 
Z1217	Gerrard Investment Management Limited	 ISA Administration, 155 St Vincent Street, Glasgow, G2 5NN	SS 
Z1016	GHC Capital Markets Limited	Norwich House, 22 to 30 Horsefair Street, Leicester, LE1 5BD	C, SS 
Z1684	Glasgow Credit Union Limited	95 Morrison Street, Glasgow, G5 8BE	C 
Z1540	Glasgow Investment Managers	Sutherland House, 149 St Vincent Street, Glasgow, G2 5DR	SS 
Z1431	GLG Partners Investment Funds Limited	PO Box 11109, Chelmsford, CM99 2DF	SS 
Z1766	Global Investment Strategy UK Limited	2nd Floor, 2 London Wall Buildings, London, EC2M 5PP	C, SS 
Z1926	Go 2 Business Loans	Ocean Village Innovation Centre, Ocean Village, Ocean Way, Southampton, SO14 3JZ	IF 
Z1761	Governor Finance Limited	16 to 17 West Street, Brighton, B1 2RL	C, SS 
Z1868	Greyfriars Asset Management LLP	The Cedars, 11 High Street, Fleckney, Leicester, LE8 8AJ	C, IF, SS 
Z1019	Halifax plc	Trinity Road, Halifax, HX1 2RG	C 
Z1025	Halifax Share Dealing Limited	Trinity Road, Halifax, HX1 2RG	SS 
Z1600	Hampshire Credit Union Limited	97 Fratton Road, Portsmouth, PO1 5AG	C 
Z1836	Hampshire Trust plc	Hampshire Trust plc, 60 Cannon Street, London, EC4N 6NP	C 
Z1604	Handsworth Breakthrough Credit Union Limited	40 Beaudesert Road, Birmingham, B20 3TG	C 
Z1231	Hanley Economic Building Society	Granville House, Festival Park, Hanley, Stoke on Trent, ST1 5TB	C 
Z1823	Hanson Asset Management Limited	8th Floor, 1 Grosvenor Place, London, SW1X 7HJ	SS 
Z1467	Hargreave Hale and Company	Unit 9 to 11, Neptune Court, Hallam Way, Blackpool, FY4 5LZ	SS 
Z1163	Hargreaves Lansdown Asset Management Limited	College Square, South Bristol, BS1 5HL	C, SS 
Z1047	Harpenden Building Society	Aberdeen House, 14 to 16 Station Road, Harpenden, AL5 4SE	C 
Z1445	Hathaway Investment Management Limited	Grosvenor House, 14 Bennetts Hill, Birmingham, B2 5RS	SS 
Z1657	Hawksmoor Investment Management Limited	The Senate, Southernhay Gardens, Exeter, EX1 1UG	SS 
Z1215	HBOS Investment Fund Managers Limited	Trinity Road, Halifax, HX1 2HD	SS 
Z1239	Heartwood Wealth Management Limited	77 Mount Ephraim, Tunbridge Wells, Kent, TN4 8BS	C, SS 
Z1205	Hedley and Company	Springwell House, 2 Shear Bank Road, Blackburn, BB1 8AD	C, SS 
Z1860	Henderson Investment Funds Limited	201 Bishopsgate, London, EC2M 3AE	SS 
Z1573	Henderson Rowe Limited	33 St James’s Square, London, SW1Y 4JS	C, SS 
Z1236	Hinchley and Rugby Building Society	Upper Bond Street, Hinckley, LE10 1DG	C 
Z1917	HNW Lending Limited	72 Charlotte Street, London, W1T 4QQ	IF 
Z1818	Holbein Partners LLP	4 Grosvenor Place London, SW1X 7HJ	SS 
Z1705	Holden and Company	PO Box 229, London, SW6 4UX	C, SS 
Z1068	Holmesdale Building Society	43 Church Street, Reigate, RH2 0AG	C 
Z1814	Host Capital Limited	73 New Bond Street, London, W15 1RS	SS 
Z1548	HSBC Bank plc	HSBC Bank plc, ISA Team UK Banking and CDD Business Service, Harry Western Road, Binley, Coventry, CV3 2SH	C, SS 
Z1099	HSBC Private Bank (UK) Limited	HSBC NHQ Level 21, 8 Canada Square, London, E14 5HQ	SS 
Z1358	HSBC Trust Company (UK) Limited - Corporate	HSBC Investment Services, 1st Floor, Frobisher House, Nelson Gate, Commercial Road, Southampton, S015 9DF	C, SS 
Z1161	HSBC Trust Company (UK) Limited - Private	HSBC Investment Services, 1st Floor, Frobisher House, Nelson Gate, Commercial Road, Southampton, S015 9DF	C, SS 
Z1359	HSBC Trust Company (UK) Limited - Retail	HSBC Investment Services, 1st Floor, Frobisher House, Nelson Gate, Commercial Road, Southampton, S015 9DF	C, SS 
Z1723	Hubwise Securities Limited	Ascension House, Crown Square, First Avenue, Burton-on-Trent, DE14 2WW	SS 
Z1460	Hythe Securities Limited	Hythe House, 337 City Road, London, EC1V 1LJ	SS 
Z1447	iDealing.Com Limited	3rd Floor, 114 Middlesex Street, London, E1 7JH	SS 
Z1638	IFDS Financial Services Limited	IFDS House, St Nicholas Lane, Basildon, Essex, SS15 5FS	C, SS 
Z1830	IG Markets Limited	Cannon Bridge House, 25 Dowgate Hill, London, EC4R 2YA	SS 
Z1577	IM Asset Management Limited	Riverside East, 2 Millsands, Sheffield, S3 8DP	C, SS 
Z1754	Independent Order of Oddfellows Manchester Unity Friendly Society	Oddfellows House, 184 to 186 Deansgate, Manchester, M3 3WB	C, SS 
Z1628	ING Direct NV	410 Thames Valley, Park Drive, Reading, Berkshire, RG6 1RH	C 
Z1607	Ingenious Asset Management Limited	15 Golden Square, London, W1F 9JG	C, SS 
Z1429	Integrated Financial Arrangements Limited	29 Clements Lane, London, EC4N 7AE	C, SS 
Z1847	Intelligent Money Limited	The Shire Hall, High Pavement, Nottingham, NG1 1HN	C, SS 
Z1731	Interactive Investor Trading Limited	2 West Regent Street, Glasgow, G2 1RW	SS 
Z1857	Invesco Fund Managers Limited	Perpetual House, Perpetual Park Drive, Henley-on-Thames, RG9 1HH	C, SS 
Z1364	Investec Bank plc	2 Gresham Street, London, EC2V 7QP	C, SS 
Z1479	Investec Fund Managers Limited	2 Gresham Street, London, EC2V 7QP	C, SS 
Z1093	Investec Wealth and Investment Limited	2 Gresham Street, London, EC2V 7QN	C, SS 
Z1665	Investment Fund Services Limited	Marlborough House, 59 Chorley New Road, Bolton, BL1 4QP	C, SS 
Z1442	Investment Funds Direct Limited	Trimbridge House, Trim Street, Bath, BA1 1HB	SS 
Z1279	Ipswich Building Society	44 Upper Brook Street, Ipswich, IP4 1DP	C 
Z1645	J and E Davy t/a Davy Northern Office	Donegall House, 7 Donegall Square, North Belfast, BT1 5GB	C, SS 
Z1366	J Edward Sellars and Partners Limited	The Drive House, Manor Farm, Kenn Moor Road, Kenn Clevedon, BS21 6TZ	C, SS 
Z1021	James Brearley and Sons Limited	PO Box 34, Walpole House, Unit 2, Burton Road, Blackpool, FY4 4WX	C, SS 
Z1726	James Hambro and Partners LLP	3rd Floor, Ryder Court, 14 Ryder Street, London, SW1Y 6QB	C, SS 
Z1561	James Hay Wrap Managers Limited	Dunns House, St Paul’s Road, Salisbury, SP2 7BF	C, SS 
Z1341	James Sharp and Company	The Exchange, 5 Bank Street, Bury, Lancashire, BL9 0DN	SS 
Z1107	Jarvis Investment Management plc	78 Mount Ephraim, Tunbridge Wells, TN4 8BS	SS 
Z1509	JLT Investment Management Limited	6 Crutched Friars, London, EC3N 2PH	SS 
Z1614	JM Finn and Company Limited	4 Coleman Street, London, EC2R 5TA	SS 
Z1103	JP Morgan Trustee and Administration Services Limited	60 Victoria Embankment, London, EC4Y 0JP	C, SS 
Z1417	Julian Hodge Bank Limited	10 Windsor Place, Cardiff, CF1 3BX	C 
Z1083	Jupiter Unit Trust Managers Limited	PO Box 10666, Chelmsford, CM99 2BG	SS 
Z1842	K and C Credit Union	346 Kensington High Street, London, W14 8NS	C 
Z1345	Kames Capital plc	Aegon House, 3 Lochside Avenue, Edinburgh, EH12 9SA	SS 
Z1877	KapSecure Asset Management Limited	30 James’s Square, London, SW1Y 4JH	C, IF, SS 
Z1073	Killik and Co Stockbrokers	Crown House, Crown Street, Ipswich, IP1 3HS	C, SS 
Z1899	Killik Intelligent Savings Limited	46 Grosvenor Street, London, W1K 3HN	SS 
Z1471	King and Shaxson Capital Limited	6th Floor, Candlewick House, 120 Cannon Street, London, EC4N 6AS	SS 
Z1576	Kingdom Bank Limited	Ruddington Fields Country Park, Mere Way, Ruddington, Nottingham, NG11 6JS	C 
Z1679	Kingston Unity Credit Union	9 Navigation Court, Calder Park, Wakefield, WF2 7BJ	SS 
Z1250	Kleinwort Benson Private Bank Limited	PO Box 191, 10 Fenchurch Street, London, EC3M 3LB	SS 
Z1914	Landbay Partners Limited	Level 3, 9 to 11 Grosvenor Gardens, London, SW1W 0BD	IF 
Z1909	Landlord Invest Limited	Braitrim House, 98 Victoria Road, London, NW10 6NB	IF 
Z1287	Leeds Building Society	105 Albion Street, Leeds, LS1 5AS	C 
Z1608	Leeds City Credit Union Limited	Westminster Buildings, 31 New York Street, Leeds, LS2 7DT	C 
Z1188	Leek United Building Society	50 St Edward Street, Leek, ST13 5DH	C 
Z1160	Legal and General Portfolio Management Services Limited	Brunel House, 2 Fitzalan Road, Cardiff, CF24 0EB	C, SS 
Z1845	Legal and General Unit Trust Manager Limited	Brunel House, 2 Fitzalan Road, Cardiff, CF24 0EB	C, SS 
Z1902	Lending Works Limited	60 Grays Inn Road, London, WC1X 8AQ	IF 
Z1795	Leodis Wealth Limited	Yorkshire House 5th Floor, East Parade Leeds, LS1 5BD	SS 
Z1578	Life Insurance Corporation of India	York House, 13th Floor Empire Way, Wembley, Middlesex, HA9 0PX	SS 
Z1889	Link Financial Outsourcing Limited	Camelford House, 89 Albert Embankment, London, SE1 7TP	C, IF 
Z1739	Liontrust Fund Partners LLP	2 Savoy Court London, WC2R 0EZ	SS 
Z1832	Liverpool Victoria Friendly Society Limited	County Gates, Bournemouth, Dorset, BH1 2NF	SS 
Z1255	Lloyds Bank plc	25 Gresham Street, London, EC2V 7HN	C, SS 
Z1372	Lloyds TSB Private Banking Limited	48 Chiswell Street London, EC1Y 4XX	SS 
Z1815	Loans and Savings Abertawe Credit Union Limited	139 Walter Road, Swansea, SA1 5RQ	C 
Z1897	Lombard Odier (Europe) Limited	Queensbury House, 3 Old Burlington Street, London, W1S 3AB	SS 
Z1886	London House Exchange Limited	We Work Moorgate, 5th Floor, 1 Fore Street, London, EC2Y 5EJ	IF, SS 
Z1782	London Mutual Credit Union Limited	79 Denmark Hill, Camberwell, London, SE5 8RS	C 
Z1023	Loughborough Building Society	6 High Street, Loughborough, LE11 2QB	C 
Z1854	M and G Securities Limited	Laurence Poutney Hill, London, EC4R 0HH	SS 
Z1762	M for Money Credit Union	Bungalow, Pinkwell Lane, Hayes, UB3 1PE	C 
Z1920	Madiston plc	41 Ashley Road, Walton on Thames, Surrey, KT12 1HG	IF 
Z1431	Man Fund Management UK Limited	PO Box 11109, Chelmsford, CM99 2DF	SS 
Z1683	Manchester Building Society	125 Portland Street, Manchester, M1 4QD	C 
Z1263	Manek Investment Management Limited	PO Box 100, Swindon, SN1 1WR	SS 
Z1077	Mansfield Building Society	Regent House, Regent Street, Mansfield, NG18 1SS	C 
Z1518	Margetts Fund Management Limited	6 Sovereign Court, Graham Street, Birmingham, B1 3SR	SS 
Z1218	Market Harborough Building Society	Welland House, 15 to 17 The Square Market, Harborough LE16 9QU	C 
Z1110	Marks and Spencer Financial Services plc	Kings Meadow, Chester Business Park, Chester, CH99 9FB	C, SS 
Z1672	Marks and Spencer Savings and Investments Limited	Kings Meadow, Chester Business Park, Chester, CH99 9QG	SS 
Z1673	Marks and Spencer Unit Trust Management Limited	Kings Meadow, Chester Business Park, Chester, CH99 9QG	SS 
Z1350	Marlborough Investment Consultants Limited	Wessex House, Oxford Road, Newbury, RG14 1PA	SS 
Z1142	Marsden Building Society	6 to 20 Russell Street, Nelson, BB9 7NJ	C 
Z1883	Mattioli Woods plc	M W House, 1 Penman Way, Grove Park, Enerby, Leicester, LE19 1SY	C, SS 
Z1416	Maunby Investment Management Limited	The Exchange Station Parade, Harrogate, HG1 1TJ	SS 
Z1756	McInroy and Wood Limited	Easter Alderston, Haddington, EH41 3SF	SS 
Z1834	McInroy and Wood Portfolios Limited	Easter Alderston, Haddington, East Lothian, EH41 3SF	SS 
Z1674	MD Barnard and Company Limited	17 to 21 New Century Road, Lainton Basildon, SS15 6AG	SS 
Z1170	Melton Mowbray Building Society	39 Nottingham Street, Melton Mowbray, LE13 1NR	C 
Z1850	Mercor Index Limited	34 to 36 St Georges Road, Brighton, BN2 1ED	SS 
Z1630	Meteor Asset Management Limited	68 Lombard Street, London, EC3V 9LJ	C, SS 
Z1243	Methodist Chapel Aid Association Limited	1 Telford Avenue, Albemarle Road, York, YO24 1DA	C 
Z1817	Metlife Europe Limited UK Branch	One Canada Square, Canary Wharf, London, E14 5AA	C, SS 
Z1732	Metro Bank plc	One Southampton Row, London, WC1B 5HA	C 
Z1126	Metropolitan Police Financial Institution	Central Court, Knoll Rise, Orpington, Kent, BR6 0JA	C, SS 
Z1862	MFM Investment Limited	1 Fore Street, London, EC2Y 5EJ	C, SS 
Z1267	MFM Unit Trust Managers Limited	Marlborough House, 59 Chorley New Road, Bolton BL1 4QP	C, SS 
Z1539	Midas Investment Management Limited	Arthur House, Chorlton Street, Manchester, M1 3FH	SS 
Z1085	Miller and Company Investment Management Limited	14 Queen’s Road Aberdeen, AB15 4ZT	SS 
Z1404	Minerva Fund Managers Limited	Kelston View, Corston, Bath, BA2 9AH	SS 
Z1776	Mirabaud Asset Management Limited	33 Grosvenor Place, London, SW1X 7HY	C, SS 
Z1840	Mole Valley Asset Management	St Martin’s House, St Martin’s Walk, Dorking, Surrey, RH4 1UN	SS 
Z1824	Moneywise Credit Union Limited	187 to 189 Shields Road, Byker, Newcastle upon Tyne, NE6 1DP	C 
Z1028	Monmouthshire Building Society	Monmouthshire House, John Frost Square, Newport, NP9 1PX	C 
Z1533	Morgan Stanley and Company International plc	25 Cabot Square, Canary Wharf, London, E14 4QA	C, SS 
Z1038	Mortgage Works (UK) plc, The	Bank House, Lytton Way, Stevenage, SG1 1ZE	C 
Z1841	Multrees Investor Services Limited	One Carter Lane, London, EC4V 5AN	SS 
Z1678	Murray Asset Management UK Limited	50 Jermyn Street, London, SW1Y 6LX	SS 
Z1621	Myddleton Croft Limited	1 Airport West, Lancaster Way, Leeds, LS19 7ZA	SS 
Z1175	National Counties Building Society	Church Street, Epsom, KT17 4NL	C 
Z1602	National Deposit Friendly Society	4 to 5 Worcester Road, Clifton, Bristol, BS8 3JL	SS 
Z1334	National Savings	Charles House, 375 Kensington High Street, London, W14 8SD	C 
Z1156	National Westminster Bank plc	NatWest ISA Office, Princess House, 27 Bush Lane, London, EC4R 0AA	C, SS 
Z1198	Nationwide Building Society	Nationwide House Pipers Way, Swindon, SN38 1NL	C 
Z1794	Neath Port Talbot Credit Union Limited	26 Windsor Road, Neath, SA11 1LU	C 
Z1584	Neptune Investment Management Limited	3 Shortlands, London, W6 8DA	SS 
Z1885	Netwealth Investments Limited	Reading Bridge House, George Street, Reading, RG1 8LS	SS 
Z1081	Newbury Building Society	17 Bartholomew Street, Newbury, RG14 5LY	C 
Z1289	Newcastle Building Society	Portland House, New Bridge Street, Newcastle Upon Tyne, NE1 8AL	C 
Z1503	NFU Mutual Insurance Society Limited	Tiddington Road, Stratford Upon Avon, CV37 7BJ	C, SS 
Z1805	NFU Mutual Select Investments Limited	Tiddington Road, Stratford Upon Avon, CV37 7BJ	SS 
Z1302	NFU Mutual Unit Managers Limited	Tiddington Road, Stratford Upon Avon, CV37 7BJ	SS 
Z1631	No.1 Police Credit Union Limited	Slater House, Cheadle Royal Business Park, Cheadle, SK8 3GX	C 
Z1743	North London Credit Union	3 George Mews, Enfield, N2 6JA	C 
Z1599	Northern Bank Limited	PO Box 183, Donegall Square, West Belfast, BT1 6JS	C, SS 
Z1165	Nottingham Building Society	Nottingham House, 5 to 13 Upper Parliament Street, Nottingham, NG1 2BX	C 
Z1809	Nottingham Credit Union Limited	69 Maid Marian Way, Nottingham, NG1 6AJ	C 
Z1692	Novia Financial plc	1st Floor Cambridge House (South), Henry Street, Bath, BA1 1JT	C, SS 
Z1641	Novum Securities Limited	47 Park Lane, London, W1K 1PR	SS 
Z1780	Nucleus Financial Services Limited	22 Thistle St Lane, NW Edinburgh, EH2 1BY	C, SS 
Z1777	Nutmeg Savings and Investments Limited	80 to 84  Bondway, London, SW8 1SF	SS 
Z1197	NW Brown and Company	Richmond House 16 to 20 Regent Street, Cambridge, CB2 1DB	SS 
Z1912	Octopus Co-Lend Limited	33 Holborn, 6th Floor, London, EC1N 2HT	C, C JISA, IF, SS, SS JISA 
Z1557	Octopus Investments Limited	8 Angel Court, London, EC2R 7HP	SS 
Z1744	Odey Wealth Management (UK) Limited	12 Upper Grosvenor Street, London, W1K 2ND	SS 
Z1544	Old Mutual Investment Mangaement Limited	Skandia House, PO Box 37, Portland Terrace, Southampton, SO14 7AY	SS 
Z1133	Old Mutual Wealth Limited	PO Box 365, Skandia House, Portland Terrace, Southampton, SO14 7AS	C, SS 
Z1753	OneSavings Bank plc	Reliance House, Sun Pier, Chatham, ME4 4ET	C 
Z1831	Orbis Access (UK) Limited	15 Portland Place, London, W1B 1PT	SS 
Z1852	Paragon Bank	Paragon House, 51 Homer Street, Solihull, B91 3QJ	C 
Z1635	Parmenion Capital Partners LLP	2 College Square, Anchor Road, Bristol, BS1 5UE	SS, SS JISA 
Z1792	Partners Credit Union Limited	New Oxford House, 75 Dale Street, Liverpool, L2 2HT	C 
Z1884	Pebrand Limited	Communications House, 26 York Street, London, W1U 6PZ	SS 
Z1905	Peer Funding Limited	St John’s House, St John’s Street, Chichester, PO19 1UU	IF 
Z1788	Penny Post Credit Union Limited	North West Midlands Mail Centre, Sun Street, Wolverhampton, WV1 1AA	C 
Z1229	Penrith Building Society	7 King Street, Penrith, CA11 7AR	C 
Z1329	Pershing Securities Limited	Capstan House, 1 Clove Crescent, East India Dock, London, E14 2BH	C, SS 
Z1749	PFP Wealth Management LLP	3 Windsor Court, Clarence Drive, Harrogate, HG1 2PE	SS 
Z1199	Phillip J Milton and Company	Sterling House, 17 Joy Street, Barnstaple, EX31 1BS	C, SS 
Z1666	Phoenix Fund Services (UK) Limited	Springfield Lodge, Colchester Road, Chelmsford, CM2 5PW	SS 
Z1617	Phoenix Life Assurance Limited	1 Wythall Green Way, Wythall, Birmingham, B47 6WG	SS 
Z1500	Phoenix Life Limited	1 Wythall Green Way, Wythall, Birmingham, B47 6WG	SS 
Z1032	Pilling and Company	Henry Pilling House, Booth Street, Manchester, M2 4AF	C, SS 
Z1667	Plane Saver Credit Union Limited	Building 414, TBD West Base, PO Box 10, Heathrow Airport Hounslow, TW6 2JA	C 
Z1896	Platform One Limited	2 Cedar Park, Cobham Road, Wimborne, Dorset, BH21 7SB	IF 
Z1549	Platform Securities LLP	Canterbury House, 85 Newhall Street, Birmingham, B3 1LH	SS 
Z1758	Pointon York SIPP Solutions Limited	Pointon York House, Welland Business Park, Valley Way, Market Harborough, LE16 7PS	SS 
Z1661	Police Credit Union Limited	Guardians House, 2111 Coventry Road, Sheldon, Birmingham, B26 3EA	C 
Z1715	Police Mutual Assurance Society Limited	Alexandra House, Queen Street, Lichfield, WS13 6QS	SS 
Z1887	Polish Credit Union (UK) Limited	6 Broadway, West Ealing, London, W13 0SR	C 
Z1689	Praemium Adminstration Limited	4th Floor, 643 to 659 Salisbury House, London Wall, London EC2M 5QQ	SS 
Z1498	Premier Fund Managers Limited	Eastgate Court, High Street, Guildford, GU1 3DE	SS 
Z1158	Premier Portfolio Managers Limited	Eastgate Court, High Street, Guildford, GU1 3DE	SS 
Z1904	Price Value Partners Limited	25 Southampton Buildings, London, WC2A 1AL	IF, SS, SS JISA 
Z1069	Principality Building Society	Principality Buildings, PO Box 89, Queen Street, Cardiff, CF1 1UA	C 
Z1062	Pritchard Stockbrokers Limited	Roddis House, Old Christchurch Road, Bournemouth, BH1 1LG	C, SS 
Z1171	Progressive Building Society	33 to 37 Wellington Place, Belfast, BT1 6HH	C 
Z1563	PSigma Investment Management Limited	11 Strand London, WC2N 5HR	SS 
Z1724	Punjab National Bank (International) Limited	87 Gresham Street, London, EC2V 7NQ	C 
Z1733	Querns Asset Mangers LLP	Querns Cottage, Collins End, Goring Heath, RG8 7RH	SS 
Z1167	Quilter Cheviot Limited	One Kingsway, London, WC2B 6AN	SS 
Z1050	Rathbone Investment Management Limited	Port of Liverpool, Building Pier Head, Liverpool, L3 1NN	SS 
Z1365	Rathbone Unit Trust Management Limited	159 New Bond Street, London, W1Y 9PA	SS 
Z1469	Raymond James Investment Services Limited	Broadwalk House, 5 Appold Street, London, EC2A 2AG	SS 
Z1060	RBS Collective Investment Funds Limited	Capital House, 2 Festival Square, Edinburgh, EH3 9SU	C, SS 
Z1729	R C Brown Investment Management plc	1 The Square, Temple Quay, Bristol, BS1 6DG	SS 
Z1411	Rechabite Friendly Society Limited	School House, 14 Byrom Street, Manchester, M3 4RB	C, SS 
Z1037	Redmayne Bentley LLP	9 Bond Court, Leeds, LS1 2JZ	SS 
Z1752	Red Rose Friendly Society Limited	Parkgates, 52a Preston New Road, Blackburn, BB2 6AH	SS 
Z1700	Reliance Bank Limited	Faith House, 23 to 24 Lovat Lane, London, EC3R 8EB	C 
Z1881	Resolution Compliance Limited	One Croydon, 12 to 16 Addiscombe Road, Croydon, CR0 0XT	C, IF, SS 
Z1098	Reyker Securities plc	17 Moorgate, London, EC2R 6AR	C, SS 
Z1192	RL Marketing (CIS) Limited	55 Gracechurch Street, London, EC3V 0RL	SS 
Z1669	RLUM (CIS) Limited	55 Gracechurch Street, London, EC3V 0RL	SS 
Z1797	Rossie House Investment Management	Forgandenny, Perth, PH2 9EH	SS 
Z1536	Rothschild Wealth Management (UK) Limited	New Court, St Swithin’s Lane, London, EC4N 8AL	SS 
Z1119	Rowan Dartington and Company Limited	Colston Tower, Colston Street, Bristol, BS1 4RD	C, SS 
Z1828	Royal Bank of Canada Investment Management (UK) Limited	Riverbank House, 2 Swan Lane, London EC4R 3BF	SS 
Z1324	Royal Bank of Scotland plc	PO Box 31, 42 St Andrew Square, Edinburgh, EH2 2YE	C, SS 
Z1402	Royal London Savings Limited	55 Gracechurch Street, London, EC3V 0RL	C, SS 
Z1258	Royal London Unit Trust Managers Limited	55 Gracechurch Street, London, EC3V 0UF	SS 
Z1565	Ruffer LLP	Nations House, 103 Wigmore Street, London, W1U 1QS	SS 
Z1813	S C Davies and Company Limited	6 Duke Street, St James’, London, SW1Y 6BN	SS 
Z1719	S and T Asset Management LLP	43 to 45 Market Street, Marple, Stockport, Cheshire, SK6 7AA	SS 
Z1246	Saffron Building Society	1A Market Street, Saffron, Walden, CB10 1HX	C 
Z1234	Sainsburys Bank plc t/a Sainsburys Finance	Keith House, Redheughs Rigg South, Gyle Crescent, Edinburgh, EH12 9DQ	C 
Z1790	Salisbury Partners LLP	25 Hill Street London, W1J 5LW	SS 
Z1696	Sanlam Financial Services UK Limited	St Bartholomew’s House, Lewins Mead, Bristol, BS1 2NH	SS 
Z1184	Sanlam Private Investments (UK) Limited	16 South Park, Sevenoaks, TN13 1AN	SS 
Z1065	Santander ISA Managers Limited	287 St Vincent Street, Glasgow, G2 5NB	C, SS 
Z1458	Santander Portfolio Management UK Limited	287 St Vincent Street, Glasgow, G2 5NB	SS 
Z1820	Santander UK plc	2 Triton Square, Regent’s Place, London, NW1 3AN	C 
Z1811	Sapia Partners LLP	12 St James’s Square, London, SW1Y 4LB	IF, SS, SS JISA 
Z1906	Sarasin Asset Management Limited	Juxon House, 100 St Paul’s Churchyard, London, EC3M 8BU	SS 
Z1890	Sarasin and Partners LLP	Juxon House, 100 St Paul’s Churchyard, London, EC4M 8BU	SS 
Z1502	Sarasin Investment Funds Limited	Juxon House, 100 St Paul’s Churchyard, London, EC4M 8BU	SS 
Z1044	Savoy Investment Management Limited	The Old Courtyard, 103 Buxton Road, High Lane, Stockport, SK6 8DX	SS 
Z1849	Saxo Capital Markets UK Limited	26th Floor, 40 Bank Street, Canary Wharf, London, E14 5DA	SS 
Z1819	Schroder and Company Limited	31 Gresham Street, London, EC2V 7QA	SS 
Z1113	Schroder Investments Limited	Investor Services Department, Freepost, PO Box 6100, Basildon, SS15 5ZY	SS 
Z1825	Schroder Unit Trusts Limited	31 Gresham Street, London, EC2V 7QA	SS 
Z1839	SCM Private LLP	2 Eaton Gate, London, SW1W 9BJ	SS 
Z1261	Scottish Building Society	SBS House, 193 Dalry Road, Edinburgh, EH11 2EF	C 
Z1397	Scottish Friendly Asset Managers Limited	Scottish Friendly House, 16 Blythswood Square, Glasgow, G2 4HJ	C, SS 
Z1625	Scottish Friendly Insurance Services Limited	Scottish Friendly House, 16 Blythswood Square, Glasgow, G2 4HJ	SS 
Z1474	Scottish Mutual PEP and ISA Managers Limited	50 Bothwell Street, Glasgow, G2 6HR	SS 
Z1121	Scottish Widows Bank plc	69 Morrison Street, Edinburgh, EH3 8YF	C 
Z1117	Scottish Widows Unit Trust Managers Limited	PO Box 28015, 15 Dalkeith Road, Edinburgh, EH16 5WL	SS 
Z1893	Secure Trust Bank plc	1 Arleston Way, Shirley, Birmingham, B90 4LH	C, C JISA 
Z1808	Seven Investment Management LLP	125 Old Broad Street, London, EC2N 1AR	SS 
Z1523	SG Hambros Bank Limited	SG House, 41 Tower Hill, London, EC3N 4SG	SS 
Z1843	Shard Capital Partners LLP	1 Tudor Street, London, EC4Y 0AH	SS 
Z1063	Share Centre Limited, The	PO Box 2000, Aylesbury, HP21 8ZB	C, SS 
Z1908	Share In Limited	Codebase, 3 Lady Lawson Street, Edinburgh, EH3 9DR	IF 
Z1793	Shawbrook Bank Limited	Lutea House, Warley Hill Business Park, The Drive, Great Warley, Brentwood, Essex, CM13 3BE	C 
Z1525	Sheffield Mutual Friendly Society	83 Wilkinson Street, Sheffield, S10 2GJ	C, SS 
Z1648	Shepherds Friendly Society Limited	Shepherds House, Stockport Road Cheadle, SK8 2AA	C, SS 
Z1504	Shore Capital Stockbrokers Limited	Bond Street House, 14 Clifford Street, London, W1S 4JU	SS 
Z1323	SIT Savings Limited	6 Albyn Place, Edinburgh, EH2 4NL	SS 
Z1219	Skipton Building Society	The Bailey, Skipton, BD23 1DN	C 
Z1925	Slater Investments Limited	Nicholas House, 3 Lawrence Poutney Hill, London, EC4R 0EU	SS, SS JISA 
Z1837	Smith and Williamson Fund Administration Limited (trading as St Vincent St Fund Administration)	25 Moorgate, London, EC2R 6AY	SS 
Z1313	Smith and Williamson Investment Services Limited	206 St Vincent Street, Glasgow, G2 5SG	C, SS 
Z1848	Solent Credit Union Limited	21 East Street, Southampton, SO14 3HG	C 
Z1340	Speirs and Jeffrey Limited	George House, 50 George Square, Glasgow, G2 1EH	SS 
Z1389	Stafford Railway Building Society	4 Market Square, Stafford, ST16 2JH	C 
Z1833	Standard Life Investments (Mutual Funds) Limited	1 George Street, Edinburgh, EH2 2LL	SS 
Z1344	Standard Life Savings Limited	1 George Street, Edinburgh, EH2 2LL	C, SS 
Z1742	State Bank of India	15 King Street, London, EC2V 8EA	C 
Z1821	Stellar Asset Management Limited	4 Princes Street, London, W1B 2LE	SS 
Z1438	Sterling ISA Managers Limited	Sterling Centre, PO Box 461, The Grange, Bishops Cleeve, Cheltenham, GL51 6BD	C, SS 
Z1838	St James’s Place Investment Administration	1 Tetbury Road, Cirencester, GL7 1FP	SS 
Z1112	St James’s Place Unit Trust Group Limited	IFDS House, Pipps Hill, Basildon, SS15 5ZS	SS 
Z1880	Strand Capital Limited	5th Floor, 1 Tudor Street, London, EC4Y 0AH	C, IF, SS 
Z1681	Svenska Handelsbanken AB (Publ)	Trinity Tower, 9 Thomas More Street, London, E1W 1GE	C, SS 
Z1454	SVM Asset Management Limited	7 Castle Street, Edinburgh, EH2 3AH	SS 
Z1748	SVS Securities plc	20 Ropemaker Street, London, EC2Y 9AR	SS 
Z1377	Swansea Building Society	11 Cradock Street, Swansea, SA1 3EW	C 
Z1740	Synergy Financial Products Limited	45 Grosvenor Road, St Albans, AL1 3AW	C, SS 
Z1100	TAM Asset Management Limited	7th Floor City Tower 40, Basinghall Street, London, EC2V 5DE	C, SS 
Z1846	Target Servicing Limited	Target House, Cowbridge Road East, Cardiff, CF11 9AU	C, SS 
Z1520	T Bailey Fund Services Limited	64 St James’s Street, Nottingham, NG1 6FJ	SS 
Z1789	Tcam Asset Management Limited	Level 1, Princes Exchange, 1 Earl Grey Street, Edinburgh, EH3 9BN	SS 
Z1194	TD Direct Investing (Europe) Limited	Exchange Court, Dumcombe Street, Leeds, LS1 4AX	C, SS 
Z1097	Teachers Building Society	Allenview House, Hanlam Road, Wimborne Minster, BH21 1AG	C 
Z1039	Teathers Limited	Beaufort House 15 St Botolph Street, London, EC3A 7QR	SS 
Z1751	Tesco Personal Finance plc	Interpoint Building, 22 Haymarket Yards, Edinburgh, EH12 5BH	C 
Z1040	Thesis Asset Management plc	Exchange building, St John’s Street, Chichester, PO19 1UP	C, SS 
Z1888	Third Platform Services Limited	17 Neal’s Yard, London, WC2H 9DP	SS 
Z1041	Thomas Grant and Company Limited	40A Friar Lane, Leicester, LE1 5RA	C, SS 
Z1822	Thomas Miller Wealth Management Limited	55 Baker Street, London, W1U 7EU	SS 
Z1420	Threadneedle Investment Services Limited	Threadneedle, 60 St Mary Axe, London, EC3A 8JQ	SS 
Z1043	Threadneedle Portfolio Services Limited	Threadneedle, 60 St Mary Axe, London, EC3A 8JQ	SS 
Z1626	Thurleigh Investment Managers LLP	3rd Floor Foxglove House, 166 Piccadilly, London, W1J 9EF	C, SS 
Z1440	Tilney Asset Management Services Limited	60 Queen Victoria Street, London, EC4N 4TR	SS 
Z1745	Tilney Discretionary Investment Management Limited	Ropergate House, 43 Ropergate, Pontefract, WF8 1JY	SS 
Z1453	Tilney Discretionary Portfolio Management Limited	Towry House Western Road Bracknell, RG12 1TL	SS 
Z1092	Tilney Investment Management Limited	Royal Liver Building, Pier Head, Liverpool, L3 1NY	SS 
Z1541	Tilney Investment Management Services Limited	6 Chesterfield Gardens, Mayfair, London, W1J 5BQ	SS 
Z1082	Tipton and Coseley Building Society	70 Owen Street, Tipton, DY4 8HG	C 
Z1919	Transcendent Real Estate Limited	28 King Street, Manchester, M2 6AY	IF 
Z1924	Transport Friendly Society	3rd Floor, Derbyshire House, St Chad’s Street, London, WC1H 8AG	C, SS 
Z1221	Triodos Bank NV	Deanery Road, Bristol, BS1 5AS	C, SS 
Z1901	Triple Point Investment Management LLP	18 St Swithins’ Lane, London, EC4N 8AD	IF 
Z1757	Troy Asset Management Limited	Brookfield House, 44 Davies St, London, W1K 5JA	SS 
Z1750	True Potential Investments LLP	Newburn House, Gateway West, Newburn Riverside, Newcastle Upon Tyne, NE15 8NX	SS 
Z1647	TSB Bank plc	Henry Duncan House, 120 George St, Edinburgh, EH2 4LH	C 
Z1207	TU Fund Managers Limited	Congress House, Great Russell Street, London, WC1B 3LQ	SS 
Z1767	Turkish Bank (UK) Limited	84 to 86 High Street London, SE1 1LN	C 
Z1693	UBS AG	1 Finsbury Park, London, EC2M 2AN	SS 
Z1482	UBS Asset Management Unit Trust Managers Limited	IFDS House, St Nicolas Lane, Basildon, SS15 5FS	SS 
Z1913	UK Bond Network Limited	5th Floor Cap House, 9 to 12 Long Lane, London, EC1A 9HA	IF 
Z1209	Ulster Bank Limited	11 to 16 Donegall Place, Belfast, BT1 5UB	C 
Z1522	Unicorn Asset Management Limited	Preachers Court, The Charterhouse, Charterhouse Square, London, EC1M 6AU	SS 
Z1714	Union Bank UK plc	PO Box 148, 14 to 18 Copthall Avenue, London, EC2R 7BN	C 
Z1799	United National Bank Limited	2 Brook Street, London, W15 1BQ	C 
Z1505	United Trust Bank Limited	One Ropemaker Street, London, EC2Y 9AW	C, SS 
Z1796	Valu-Trac Investment Management Limited	Mains of Orton, Orton Fochabers, Moray, IV32 7QE	C, SS 
Z1891	Vanguard Asset Management Limited	Vanguard, 4th Floor, The Walbrook Building, 25 Walbrook, London, EC4N 8AF	SS, SS JISA 
Z1355	Vartan and Son	The Singing Mens Chambers, 19 Minster Precincts, Peterborough, PE1 1XX	SS 
Z1787	Veritas Asset Management (UK) Limited	Elizabeth House, 39 York Road, London, SE1 7NQ	SS 
Z1807	Veritas Investment Management LLP	6th Floor Elizabeth House, 39 York Road, London, SE1 7NQ	SS 
Z1247	Vernon Building Society	19 St Petersgate, Stockport, SK1 1HF	C 
Z1686	Vestra Wealth LLP	Fourteen Courthill, London, EC3V 7ND	SS 
Z1310	Virgin Money plc	Jubilee House, Gosforth, Newcastle Upon Tyne, NE3 4PL	C 
Z1196	Virgin Money Personal Financial Service Limited	Jubilee House, Gosforth, Newcastle Upon Tyne, NE3 4PL	SS 
Z1675	Virgin Money Unit Trust Managers Limited	Jubilee House, Gosforth, Newcastle Upon Tyne, NE3 4PL	SS 
Z1609	Voyager Alliance Credit Union Limited	Hyde Road Depot, Ardwick, Manchester, M12 6JS	C 
Z1109	Walker Crips Stockbrokers Limited	Finsbury Tower, 103 to 105 Bunhill Row, London, EC1Y 8LZ	C, SS 
Z1357	Waverton  Investment Management Limited	16 Babmaes Street, London, SW1Y 6AH	SS 
Z1463	Way Fund Managers Limited	Cedar House, 3 Cedar Park, Cobham Road, Wimborne BH21 7SB	SS 
Z1589	WEALTH at Work Limited	5 Temple Square, Temple Street, Liverpool, L2 5RH	SS 
Z1711	Wealthtime Limited	The Oak House, Barford Lane, Downton, Swindon, SP5 3QA	SS 
Z1747	Weatherbys Bank Limited	Sanders Road Wellingborough, NN8 4BX	SS 
Z1586	Wesleyan Assurance Society	PO Box 3420, Colmore Circus, Birmingham, B4 6AE	SS 
Z1108	Wesleyan Bank Limited	PO Box 3420, Colmore Circus, Birmingham, B4 6AE	C 
Z1078	Wesleyan Unit Trust Managers Limited	PO Box 3420, Colmore Circus, Birmingham, B4 6AR	C, SS 
Z1045	West Bromwich Building Society	374 High Street, West Bromwich, B70 8LR	C 
Z1806	Weston-Super-Mare and District Credit Union Limited	13 Orchard Street, Weston-Super-Mare, BS23 1RG	C 
Z1137	WH Ireland	11 St James Square, Manchester, M2 6WH	C, SS 
Z1096	Whitechurch Securities Limited	The Old Chapel, 14 Fairview Drive, Redland, Bristol, BS6 6PH	C, SS 
Z1488	Whitefoord LLP	13th Floor, 10 Brock Street, Regent’s Place, London, NW1 3FG	SS 
Z1640	Williams Investment Management LLP	34 Victoria Avenue, Harrogate, HG1 5PR	SS 
Z1892	Wilton Corporate Finance Limited	26 Grosvenor Street, London, W1K 4QW	IF, SS, SS JISA 
Z1046	Winterflood Securities Limited	The Atrium Building, Cannon Bridge House, 25 Dowgate Hill, London, EC4R 2GA	C, SS 
Z1612	Witan Investment Services Limited	14 Queen Anne’s Street, London, SW1H 9AA	SS 
Z1921	WM Thomson and Sons	22 Meadowside, Dundee, DD1 1LN	IF, SS, SS JISA 
Z1179	Woolwich Plan Managers Limited	Aurora Building, 120 Bothwell Street, Glasgow, G2 7JT	C, SS 
Z1294	Yorkshire Building Society	Yorkshire House, Yorkshire Drive, Bradford, BD5 8LJ	C 
